-- phpMyAdmin SQL Dump
-- version 5.2.1
-- https://www.phpmyadmin.net/
--
-- Host: 127.0.0.1
-- Generation Time: May 20, 2024 at 08:34 AM
-- Server version: 10.4.32-MariaDB
-- PHP Version: 8.1.25

SET SQL_MODE = "NO_AUTO_VALUE_ON_ZERO";
START TRANSACTION;
SET time_zone = "+00:00";


/*!40101 SET @OLD_CHARACTER_SET_CLIENT=@@CHARACTER_SET_CLIENT */;
/*!40101 SET @OLD_CHARACTER_SET_RESULTS=@@CHARACTER_SET_RESULTS */;
/*!40101 SET @OLD_COLLATION_CONNECTION=@@COLLATION_CONNECTION */;
/*!40101 SET NAMES utf8mb4 */;

--
-- Database: `payroll_project`
--

-- --------------------------------------------------------

--
-- Table structure for table `admins`
--

CREATE TABLE `admins` (
  `id` bigint(20) UNSIGNED NOT NULL,
  `name` varchar(255) NOT NULL,
  `email` varchar(255) NOT NULL,
  `email_verified_at` timestamp NULL DEFAULT NULL,
  `password` varchar(255) NOT NULL,
  `remember_token` varchar(100) DEFAULT NULL,
  `created_at` datetime NOT NULL DEFAULT current_timestamp(),
  `updated_at` timestamp NOT NULL DEFAULT current_timestamp()
) ENGINE=InnoDB DEFAULT CHARSET=utf8mb4 COLLATE=utf8mb4_unicode_ci;

-- --------------------------------------------------------

--
-- Table structure for table `attendance_logs`
--

CREATE TABLE `attendance_logs` (
  `id` bigint(20) UNSIGNED NOT NULL,
  `user_id` bigint(20) UNSIGNED NOT NULL,
  `type` enum('in','out') NOT NULL,
  `status` enum('on-time','late','overtime','under-time') NOT NULL,
  `minutes_rendered` tinyint(4) NOT NULL DEFAULT 0,
  `date` date NOT NULL DEFAULT curdate(),
  `time` time NOT NULL DEFAULT curtime(),
  `created_at` datetime NOT NULL DEFAULT current_timestamp(),
  `updated_at` timestamp NOT NULL DEFAULT current_timestamp()
) ENGINE=InnoDB DEFAULT CHARSET=utf8mb4 COLLATE=utf8mb4_unicode_ci;

-- --------------------------------------------------------

--
-- Table structure for table `deboards`
--

CREATE TABLE `deboards` (
  `id` bigint(20) UNSIGNED NOT NULL,
  `user_id` bigint(20) UNSIGNED NOT NULL,
  `reason` varchar(255) NOT NULL,
  `notice_period` varchar(255) NOT NULL,
  `comment` varchar(255) NOT NULL,
  `start_date` date NOT NULL,
  `final_employment_date` date NOT NULL,
  `final_working_date` date NOT NULL,
  `report_to` int(11) NOT NULL,
  `support_comment` varchar(255) NOT NULL,
  `re_employable` tinyint(1) NOT NULL,
  `remaining_pl_year` int(11) NOT NULL,
  `remaining_pl_leave` int(11) NOT NULL,
  `created_at` timestamp NULL DEFAULT NULL,
  `updated_at` timestamp NULL DEFAULT NULL
) ENGINE=InnoDB DEFAULT CHARSET=utf8mb4 COLLATE=utf8mb4_unicode_ci;

-- --------------------------------------------------------

--
-- Table structure for table `failed_jobs`
--

CREATE TABLE `failed_jobs` (
  `id` bigint(20) UNSIGNED NOT NULL,
  `uuid` varchar(255) NOT NULL,
  `connection` text NOT NULL,
  `queue` text NOT NULL,
  `payload` longtext NOT NULL,
  `exception` longtext NOT NULL,
  `failed_at` timestamp NOT NULL DEFAULT current_timestamp()
) ENGINE=InnoDB DEFAULT CHARSET=utf8mb4 COLLATE=utf8mb4_unicode_ci;

-- --------------------------------------------------------

--
-- Table structure for table `leave_application`
--

CREATE TABLE `leave_application` (
  `id` bigint(20) UNSIGNED NOT NULL,
  `reason` varchar(255) NOT NULL,
  `information` varchar(255) NOT NULL,
  `applier_user_id` varchar(255) NOT NULL,
  `start_date` date NOT NULL,
  `end_date` date NOT NULL,
  `leave_type_id` int(11) NOT NULL,
  `created_at` datetime NOT NULL DEFAULT current_timestamp(),
  `updated_at` timestamp NOT NULL DEFAULT current_timestamp()
) ENGINE=InnoDB DEFAULT CHARSET=utf8mb4 COLLATE=utf8mb4_unicode_ci;

-- --------------------------------------------------------

--
-- Table structure for table `leave_type`
--

CREATE TABLE `leave_type` (
  `id` bigint(20) UNSIGNED NOT NULL,
  `type` varchar(255) NOT NULL,
  `days` int(11) NOT NULL,
  `created_at` datetime NOT NULL DEFAULT current_timestamp(),
  `updated_at` timestamp NOT NULL DEFAULT current_timestamp()
) ENGINE=InnoDB DEFAULT CHARSET=utf8mb4 COLLATE=utf8mb4_unicode_ci;

-- --------------------------------------------------------

--
-- Table structure for table `migrations`
--

CREATE TABLE `migrations` (
  `id` int(10) UNSIGNED NOT NULL,
  `migration` varchar(255) NOT NULL,
  `batch` int(11) NOT NULL
) ENGINE=InnoDB DEFAULT CHARSET=utf8mb4 COLLATE=utf8mb4_unicode_ci;

--
-- Dumping data for table `migrations`
--

INSERT INTO `migrations` (`id`, `migration`, `batch`) VALUES
(1, '2014_10_12_000000_create_users_table', 1),
(2, '2014_10_12_100000_create_password_reset_tokens_table', 1),
(3, '2014_10_12_100000_create_password_resets_table', 1),
(4, '2019_08_19_000000_create_failed_jobs_table', 1),
(5, '2019_12_14_000001_create_personal_access_tokens_table', 1),
(6, '2024_04_23_205016_create_admins_table', 1),
(7, '2024_04_24_184903_create_notifications_table', 1),
(8, '2024_04_24_194502_create_attendance_logs_table', 1),
(9, '2024_04_24_195912_create_leave_type_table', 1),
(10, '2024_04_24_200122_create_leave_application_table', 1),
(11, '2024_05_11_054447_create_user_details_table', 1),
(12, '2024_05_11_061124_create_permission_tables', 1),
(13, '2024_05_11_063204_create_payroll_batch_table', 1),
(14, '2024_05_11_063322_create_payrolls_table', 1),
(15, '2024_05_12_093851_create_deboards_table', 1),
(16, '2024_05_16_121058_add_slug_to_permission_table', 1),
(17, '2024_05_17_105705_add_role_id_to_users_table', 1);

-- --------------------------------------------------------

--
-- Table structure for table `model_has_permissions`
--

CREATE TABLE `model_has_permissions` (
  `permission_id` bigint(20) UNSIGNED NOT NULL,
  `model_type` varchar(255) NOT NULL,
  `model_id` bigint(20) UNSIGNED NOT NULL
) ENGINE=InnoDB DEFAULT CHARSET=utf8mb4 COLLATE=utf8mb4_unicode_ci;

-- --------------------------------------------------------

--
-- Table structure for table `model_has_roles`
--

CREATE TABLE `model_has_roles` (
  `role_id` bigint(20) UNSIGNED NOT NULL,
  `model_type` varchar(255) NOT NULL,
  `model_id` bigint(20) UNSIGNED NOT NULL
) ENGINE=InnoDB DEFAULT CHARSET=utf8mb4 COLLATE=utf8mb4_unicode_ci;

--
-- Dumping data for table `model_has_roles`
--

INSERT INTO `model_has_roles` (`role_id`, `model_type`, `model_id`) VALUES
(1, 'App\\Models\\User', 1);

-- --------------------------------------------------------

--
-- Table structure for table `notifications`
--

CREATE TABLE `notifications` (
  `id` char(36) NOT NULL,
  `type` varchar(255) NOT NULL,
  `notifiable_type` varchar(255) NOT NULL,
  `notifiable_id` bigint(20) UNSIGNED NOT NULL,
  `data` text NOT NULL,
  `read_at` timestamp NULL DEFAULT NULL,
  `created_at` datetime NOT NULL DEFAULT current_timestamp(),
  `updated_at` timestamp NOT NULL DEFAULT current_timestamp()
) ENGINE=InnoDB DEFAULT CHARSET=utf8mb4 COLLATE=utf8mb4_unicode_ci;

-- --------------------------------------------------------

--
-- Table structure for table `password_resets`
--

CREATE TABLE `password_resets` (
  `email` varchar(255) NOT NULL,
  `token` varchar(255) NOT NULL,
  `created_at` timestamp NULL DEFAULT NULL
) ENGINE=InnoDB DEFAULT CHARSET=utf8mb4 COLLATE=utf8mb4_unicode_ci;

-- --------------------------------------------------------

--
-- Table structure for table `password_reset_tokens`
--

CREATE TABLE `password_reset_tokens` (
  `email` varchar(255) NOT NULL,
  `token` varchar(255) NOT NULL,
  `created_at` timestamp NULL DEFAULT current_timestamp()
) ENGINE=InnoDB DEFAULT CHARSET=utf8mb4 COLLATE=utf8mb4_unicode_ci;

-- --------------------------------------------------------

--
-- Table structure for table `payrolls`
--

CREATE TABLE `payrolls` (
  `id` bigint(20) UNSIGNED NOT NULL,
  `batch_id` int(11) NOT NULL,
  `user_id` bigint(20) UNSIGNED NOT NULL,
  `created_at` timestamp NULL DEFAULT NULL,
  `updated_at` timestamp NULL DEFAULT NULL
) ENGINE=InnoDB DEFAULT CHARSET=utf8mb4 COLLATE=utf8mb4_unicode_ci;

-- --------------------------------------------------------

--
-- Table structure for table `payroll_batch`
--

CREATE TABLE `payroll_batch` (
  `id` bigint(20) UNSIGNED NOT NULL,
  `name` varchar(255) NOT NULL,
  `created_at` timestamp NULL DEFAULT NULL,
  `updated_at` timestamp NULL DEFAULT NULL
) ENGINE=InnoDB DEFAULT CHARSET=utf8mb4 COLLATE=utf8mb4_unicode_ci;

-- --------------------------------------------------------

--
-- Table structure for table `permissions`
--

CREATE TABLE `permissions` (
  `id` bigint(20) UNSIGNED NOT NULL,
  `name` varchar(255) NOT NULL,
  `slug` varchar(255) DEFAULT NULL,
  `guard_name` varchar(255) NOT NULL,
  `created_at` timestamp NULL DEFAULT NULL,
  `updated_at` timestamp NULL DEFAULT NULL
) ENGINE=InnoDB DEFAULT CHARSET=utf8mb4 COLLATE=utf8mb4_unicode_ci;

--
-- Dumping data for table `permissions`
--

INSERT INTO `permissions` (`id`, `name`, `slug`, `guard_name`, `created_at`, `updated_at`) VALUES
(1, 'On-Board', 'user-create', 'api', '2024-05-20 01:02:35', '2024-05-20 01:02:35'),
(2, 'De-Board', 'user-delete', 'api', '2024-05-20 01:02:35', '2024-05-20 01:02:35'),
(3, 'Update Profile', 'user-edit', 'api', '2024-05-20 01:02:35', '2024-05-20 01:02:35'),
(4, 'View Profile', 'user-view', 'api', '2024-05-20 01:02:35', '2024-05-20 01:02:35'),
(5, 'Leave Approval', 'leave-edit', 'api', '2024-05-20 01:02:35', '2024-05-20 01:02:35'),
(6, 'View Leave History', 'leave-list', 'api', '2024-05-20 01:02:35', '2024-05-20 01:02:35'),
(7, 'Generate Payroll', 'payroll-create', 'api', '2024-05-20 01:02:35', '2024-05-20 01:02:35');

-- --------------------------------------------------------

--
-- Table structure for table `personal_access_tokens`
--

CREATE TABLE `personal_access_tokens` (
  `id` bigint(20) UNSIGNED NOT NULL,
  `tokenable_type` varchar(255) NOT NULL,
  `tokenable_id` bigint(20) UNSIGNED NOT NULL,
  `name` varchar(255) NOT NULL,
  `token` varchar(64) NOT NULL,
  `abilities` text DEFAULT NULL,
  `last_used_at` timestamp NULL DEFAULT NULL,
  `expires_at` timestamp NULL DEFAULT NULL,
  `created_at` timestamp NULL DEFAULT NULL,
  `updated_at` timestamp NULL DEFAULT NULL
) ENGINE=InnoDB DEFAULT CHARSET=utf8mb4 COLLATE=utf8mb4_unicode_ci;

-- --------------------------------------------------------

--
-- Table structure for table `roles`
--

CREATE TABLE `roles` (
  `id` bigint(20) UNSIGNED NOT NULL,
  `name` varchar(255) NOT NULL,
  `guard_name` varchar(255) NOT NULL,
  `created_at` timestamp NULL DEFAULT NULL,
  `updated_at` timestamp NULL DEFAULT NULL
) ENGINE=InnoDB DEFAULT CHARSET=utf8mb4 COLLATE=utf8mb4_unicode_ci;

--
-- Dumping data for table `roles`
--

INSERT INTO `roles` (`id`, `name`, `guard_name`, `created_at`, `updated_at`) VALUES
(1, 'Admin', 'api', '2024-05-20 01:02:36', '2024-05-20 01:02:36'),
(2, 'User', 'api', '2024-05-20 01:02:36', '2024-05-20 01:02:36');

-- --------------------------------------------------------

--
-- Table structure for table `role_has_permissions`
--

CREATE TABLE `role_has_permissions` (
  `permission_id` bigint(20) UNSIGNED NOT NULL,
  `role_id` bigint(20) UNSIGNED NOT NULL
) ENGINE=InnoDB DEFAULT CHARSET=utf8mb4 COLLATE=utf8mb4_unicode_ci;

--
-- Dumping data for table `role_has_permissions`
--

INSERT INTO `role_has_permissions` (`permission_id`, `role_id`) VALUES
(1, 1),
(1, 2),
(2, 1),
(2, 2),
(3, 1),
(3, 2),
(4, 1),
(4, 2),
(5, 1),
(5, 2),
(6, 1),
(6, 2),
(7, 1),
(7, 2);

-- --------------------------------------------------------

--
-- Table structure for table `users`
--

CREATE TABLE `users` (
  `id` bigint(20) UNSIGNED NOT NULL,
  `role_id` bigint(20) UNSIGNED DEFAULT NULL,
  `name` varchar(255) NOT NULL,
  `first_name` varchar(50) NOT NULL,
  `last_name` varchar(50) NOT NULL,
  `employee_id` varchar(20) NOT NULL,
  `email` varchar(255) NOT NULL,
  `email_verified_at` timestamp NULL DEFAULT NULL,
  `phone` varchar(20) NOT NULL,
  `password` varchar(255) NOT NULL,
  `remember_token` varchar(100) DEFAULT NULL,
  `created_at` datetime NOT NULL DEFAULT current_timestamp(),
  `updated_at` timestamp NOT NULL DEFAULT current_timestamp(),
  `deleted_at` timestamp NULL DEFAULT NULL
) ENGINE=InnoDB DEFAULT CHARSET=utf8mb4 COLLATE=utf8mb4_unicode_ci;

--
-- Dumping data for table `users`
--

INSERT INTO `users` (`id`, `role_id`, `name`, `first_name`, `last_name`, `employee_id`, `email`, `email_verified_at`, `phone`, `password`, `remember_token`, `created_at`, `updated_at`, `deleted_at`) VALUES
(1, NULL, 'Payroll user', 'Payroll', 'user', '73587458', 'admin@payroll.com', NULL, '1234567894', '$2y$12$Uiy2G1fenYGfvgvw3iOtSetVkLr7Rm1yk0tCAiXFnKhoDtwvDrfYS', NULL, '2024-05-20 06:32:36', '2024-05-20 01:02:36', NULL);

-- --------------------------------------------------------

--
-- Table structure for table `user_details`
--

CREATE TABLE `user_details` (
  `id` bigint(20) UNSIGNED NOT NULL,
  `user_id` bigint(20) UNSIGNED NOT NULL,
  `gender` varchar(10) NOT NULL,
  `dob` date DEFAULT NULL,
  `secondary_email` varchar(255) DEFAULT NULL,
  `alternate_phone` varchar(20) DEFAULT NULL,
  `address` varchar(255) DEFAULT NULL,
  `address_1` varchar(255) DEFAULT NULL,
  `city` varchar(20) DEFAULT NULL,
  `state` varchar(20) DEFAULT NULL,
  `country` varchar(20) DEFAULT NULL,
  `postcode` varchar(10) DEFAULT NULL,
  `p_address` varchar(255) DEFAULT NULL,
  `p_address_1` varchar(255) DEFAULT NULL,
  `p_city` varchar(20) DEFAULT NULL,
  `p_state` varchar(20) DEFAULT NULL,
  `p_country` varchar(20) DEFAULT NULL,
  `p_postcode` varchar(10) DEFAULT NULL,
  `doj` date DEFAULT NULL,
  `prob_end_date` date DEFAULT NULL,
  `company` varchar(20) DEFAULT NULL,
  `location` varchar(50) DEFAULT NULL,
  `qualification` varchar(50) DEFAULT NULL,
  `experience` varchar(50) DEFAULT NULL,
  `immediate_manager` varchar(50) DEFAULT NULL,
  `immediate_manager_code` varchar(50) DEFAULT NULL,
  `leave_approving_auth` varchar(50) DEFAULT NULL,
  `leave_approving_code` varchar(50) DEFAULT NULL,
  `department` varchar(50) DEFAULT NULL,
  `job_role` varchar(50) DEFAULT NULL,
  `grade` varchar(10) DEFAULT NULL,
  `employment_type` varchar(10) DEFAULT NULL,
  `aadhar_number` varchar(20) DEFAULT NULL,
  `pan_number` varchar(20) DEFAULT NULL,
  `holiday_year` varchar(20) DEFAULT NULL,
  `work_pattern` varchar(20) DEFAULT NULL,
  `earning_leave_entitlement` varchar(20) DEFAULT NULL,
  `this_year` varchar(20) DEFAULT NULL,
  `next_year` varchar(20) DEFAULT NULL,
  `created_at` timestamp NULL DEFAULT NULL,
  `updated_at` timestamp NULL DEFAULT NULL
) ENGINE=InnoDB DEFAULT CHARSET=utf8mb4 COLLATE=utf8mb4_unicode_ci;

--
-- Indexes for dumped tables
--

--
-- Indexes for table `admins`
--
ALTER TABLE `admins`
  ADD PRIMARY KEY (`id`),
  ADD UNIQUE KEY `admins_email_unique` (`email`);

--
-- Indexes for table `attendance_logs`
--
ALTER TABLE `attendance_logs`
  ADD PRIMARY KEY (`id`),
  ADD KEY `attendance_logs_date_index` (`date`);

--
-- Indexes for table `deboards`
--
ALTER TABLE `deboards`
  ADD PRIMARY KEY (`id`),
  ADD KEY `deboards_user_id_foreign` (`user_id`);

--
-- Indexes for table `failed_jobs`
--
ALTER TABLE `failed_jobs`
  ADD PRIMARY KEY (`id`),
  ADD UNIQUE KEY `failed_jobs_uuid_unique` (`uuid`);

--
-- Indexes for table `leave_application`
--
ALTER TABLE `leave_application`
  ADD PRIMARY KEY (`id`);

--
-- Indexes for table `leave_type`
--
ALTER TABLE `leave_type`
  ADD PRIMARY KEY (`id`);

--
-- Indexes for table `migrations`
--
ALTER TABLE `migrations`
  ADD PRIMARY KEY (`id`);

--
-- Indexes for table `model_has_permissions`
--
ALTER TABLE `model_has_permissions`
  ADD PRIMARY KEY (`permission_id`,`model_id`,`model_type`),
  ADD KEY `model_has_permissions_model_id_model_type_index` (`model_id`,`model_type`);

--
-- Indexes for table `model_has_roles`
--
ALTER TABLE `model_has_roles`
  ADD PRIMARY KEY (`role_id`,`model_id`,`model_type`),
  ADD KEY `model_has_roles_model_id_model_type_index` (`model_id`,`model_type`);

--
-- Indexes for table `notifications`
--
ALTER TABLE `notifications`
  ADD PRIMARY KEY (`id`),
  ADD KEY `notifications_notifiable_type_notifiable_id_index` (`notifiable_type`,`notifiable_id`);

--
-- Indexes for table `password_resets`
--
ALTER TABLE `password_resets`
  ADD KEY `password_resets_email_index` (`email`);

--
-- Indexes for table `password_reset_tokens`
--
ALTER TABLE `password_reset_tokens`
  ADD PRIMARY KEY (`email`);

--
-- Indexes for table `payrolls`
--
ALTER TABLE `payrolls`
  ADD PRIMARY KEY (`id`),
  ADD KEY `payrolls_user_id_foreign` (`user_id`);

--
-- Indexes for table `payroll_batch`
--
ALTER TABLE `payroll_batch`
  ADD PRIMARY KEY (`id`);

--
-- Indexes for table `permissions`
--
ALTER TABLE `permissions`
  ADD PRIMARY KEY (`id`),
  ADD UNIQUE KEY `permissions_name_guard_name_unique` (`name`,`guard_name`);

--
-- Indexes for table `personal_access_tokens`
--
ALTER TABLE `personal_access_tokens`
  ADD PRIMARY KEY (`id`),
  ADD UNIQUE KEY `personal_access_tokens_token_unique` (`token`),
  ADD KEY `personal_access_tokens_tokenable_type_tokenable_id_index` (`tokenable_type`,`tokenable_id`);

--
-- Indexes for table `roles`
--
ALTER TABLE `roles`
  ADD PRIMARY KEY (`id`),
  ADD UNIQUE KEY `roles_name_guard_name_unique` (`name`,`guard_name`);

--
-- Indexes for table `role_has_permissions`
--
ALTER TABLE `role_has_permissions`
  ADD PRIMARY KEY (`permission_id`,`role_id`),
  ADD KEY `role_has_permissions_role_id_foreign` (`role_id`);

--
-- Indexes for table `users`
--
ALTER TABLE `users`
  ADD PRIMARY KEY (`id`),
  ADD UNIQUE KEY `users_email_unique` (`email`),
  ADD KEY `users_role_id_foreign` (`role_id`);

--
-- Indexes for table `user_details`
--
ALTER TABLE `user_details`
  ADD PRIMARY KEY (`id`),
  ADD KEY `user_details_user_id_foreign` (`user_id`);

--
-- AUTO_INCREMENT for dumped tables
--

--
-- AUTO_INCREMENT for table `admins`
--
ALTER TABLE `admins`
  MODIFY `id` bigint(20) UNSIGNED NOT NULL AUTO_INCREMENT;

--
-- AUTO_INCREMENT for table `attendance_logs`
--
ALTER TABLE `attendance_logs`
  MODIFY `id` bigint(20) UNSIGNED NOT NULL AUTO_INCREMENT;

--
-- AUTO_INCREMENT for table `deboards`
--
ALTER TABLE `deboards`
  MODIFY `id` bigint(20) UNSIGNED NOT NULL AUTO_INCREMENT;

--
-- AUTO_INCREMENT for table `failed_jobs`
--
ALTER TABLE `failed_jobs`
  MODIFY `id` bigint(20) UNSIGNED NOT NULL AUTO_INCREMENT;

--
-- AUTO_INCREMENT for table `leave_application`
--
ALTER TABLE `leave_application`
  MODIFY `id` bigint(20) UNSIGNED NOT NULL AUTO_INCREMENT;

--
-- AUTO_INCREMENT for table `leave_type`
--
ALTER TABLE `leave_type`
  MODIFY `id` bigint(20) UNSIGNED NOT NULL AUTO_INCREMENT;

--
-- AUTO_INCREMENT for table `migrations`
--
ALTER TABLE `migrations`
  MODIFY `id` int(10) UNSIGNED NOT NULL AUTO_INCREMENT, AUTO_INCREMENT=18;

--
-- AUTO_INCREMENT for table `payrolls`
--
ALTER TABLE `payrolls`
  MODIFY `id` bigint(20) UNSIGNED NOT NULL AUTO_INCREMENT;

--
-- AUTO_INCREMENT for table `payroll_batch`
--
ALTER TABLE `payroll_batch`
  MODIFY `id` bigint(20) UNSIGNED NOT NULL AUTO_INCREMENT;

--
-- AUTO_INCREMENT for table `permissions`
--
ALTER TABLE `permissions`
  MODIFY `id` bigint(20) UNSIGNED NOT NULL AUTO_INCREMENT, AUTO_INCREMENT=8;

--
-- AUTO_INCREMENT for table `personal_access_tokens`
--
ALTER TABLE `personal_access_tokens`
  MODIFY `id` bigint(20) UNSIGNED NOT NULL AUTO_INCREMENT;

--
-- AUTO_INCREMENT for table `roles`
--
ALTER TABLE `roles`
  MODIFY `id` bigint(20) UNSIGNED NOT NULL AUTO_INCREMENT, AUTO_INCREMENT=3;

--
-- AUTO_INCREMENT for table `users`
--
ALTER TABLE `users`
  MODIFY `id` bigint(20) UNSIGNED NOT NULL AUTO_INCREMENT, AUTO_INCREMENT=2;

--
-- AUTO_INCREMENT for table `user_details`
--
ALTER TABLE `user_details`
  MODIFY `id` bigint(20) UNSIGNED NOT NULL AUTO_INCREMENT;

--
-- Constraints for dumped tables
--

--
-- Constraints for table `deboards`
--
ALTER TABLE `deboards`
  ADD CONSTRAINT `deboards_user_id_foreign` FOREIGN KEY (`user_id`) REFERENCES `users` (`id`) ON DELETE CASCADE;

--
-- Constraints for table `model_has_permissions`
--
ALTER TABLE `model_has_permissions`
  ADD CONSTRAINT `model_has_permissions_permission_id_foreign` FOREIGN KEY (`permission_id`) REFERENCES `permissions` (`id`) ON DELETE CASCADE;

--
-- Constraints for table `model_has_roles`
--
ALTER TABLE `model_has_roles`
  ADD CONSTRAINT `model_has_roles_role_id_foreign` FOREIGN KEY (`role_id`) REFERENCES `roles` (`id`) ON DELETE CASCADE;

--
-- Constraints for table `payrolls`
--
ALTER TABLE `payrolls`
  ADD CONSTRAINT `payrolls_user_id_foreign` FOREIGN KEY (`user_id`) REFERENCES `users` (`id`) ON DELETE CASCADE;

--
-- Constraints for table `role_has_permissions`
--
ALTER TABLE `role_has_permissions`
  ADD CONSTRAINT `role_has_permissions_permission_id_foreign` FOREIGN KEY (`permission_id`) REFERENCES `permissions` (`id`) ON DELETE CASCADE,
  ADD CONSTRAINT `role_has_permissions_role_id_foreign` FOREIGN KEY (`role_id`) REFERENCES `roles` (`id`) ON DELETE CASCADE;

--
-- Constraints for table `users`
--
ALTER TABLE `users`
  ADD CONSTRAINT `users_role_id_foreign` FOREIGN KEY (`role_id`) REFERENCES `roles` (`id`) ON DELETE SET NULL;

--
-- Constraints for table `user_details`
--
ALTER TABLE `user_details`
  ADD CONSTRAINT `user_details_user_id_foreign` FOREIGN KEY (`user_id`) REFERENCES `users` (`id`) ON DELETE CASCADE;
COMMIT;

/*!40101 SET CHARACTER_SET_CLIENT=@OLD_CHARACTER_SET_CLIENT */;
/*!40101 SET CHARACTER_SET_RESULTS=@OLD_CHARACTER_SET_RESULTS */;
/*!40101 SET COLLATION_CONNECTION=@OLD_COLLATION_CONNECTION */;
